cv_estado,cv_municipio,tortillerias,population,brute_production
04,003,107,221094,704160934
09,016,187,372889,498656965
09,015,305,531831,438606919
19,039,367,1135550,323301337
09,014,151,385439,218708712
27,014,22,86620,208348393
09,010,453,727034,206276633
14,039,779,1495189,204738111
15,106,1078,819561,189694391
07,074,21,40711,172628120
09,002,291,414711,164925198
24,028,447,772604,158241680
30,039,249,305260,151094594
26,030,263,784342,146265221
28,032,311,608891,144387942
14,120,547,1243756,139523152
02,004,326,1559683,136546926
22,014,510,801940,130779324
13,010,92,26904,130691720
20,079,74,82371,122665173
05,035,278,639629,121980541
21,114,1590,1539819,121080751
08,019,275,819543,120073513
21,041,144,79153,117121298
27,004,273,640359,115507016
02,002,276,936826,113298878
05,030,296,725123,113179618
19,046,103,443273,112830989
15,104,525,664225,110660094
05,027,25,75461,108694243
08,037,287,1332131,108609651
09,012,543,650567,104203957
01,001,365,797010,103475027
11,020,840,1436480,102934313
11,027,197,260732,100384219
19,006,140,523370,99355674
30,193,213,552156,96019285
09,004,113,186391,95914760
19,009,24,86445,94149279
15,033,1567,1656107,90951127
15,057,544,833779,85521215
09,003,377,620416,82940417
31,050,570,830732,80216718
30,108,104,157840,79640868
09,017,325,430978,77449636
27,002,121,248481,74125115
28,009,127,197216,73870177
09,007,1492,1815786,73586969
19,048,75,268955,73034358
15,121,333,511675,68734872
25,006,553,858638,65046144
19,019,8,122659,61943614
28,003,131,212001,61569486
23,005,314,661176,56757261
16,052,224,178817,55503545
11,037,167,173024,54460437
11,007,312,468469,52385427
19,026,190,678006,52124552
16,053,1165,729279,51353178
30,131,183,193311,50524967
10,007,103,327985,50145789
27,012,38,153132,49947180
05,018,59,216206,48793167
09,005,877,1185772,48612799
22,016,210,241699,44585486
15,109,393,486998,43191634
30,028,77,138058,42904695
14,070,99,138226,42658811
14,098,326,608114,40380858
15,051,113,134799,36978462
09,006,284,384326,36502702
26,041,3,12751,36313247
17,011,279,196953,34747760
28,038,221,297554,34195424
11,017,317,529440,33680038
22,011,56,116458,33606941
28,022,188,489193,33290617
17,007,410,365168,31799885
26,018,202,409310,31537379
12,001,898,789971,30970312
07,078,271,185917,30901251
25,012,345,438434,29511152
07,101,676,553374,27553290
09,013,418,415007,26848253
19,021,131,357937,26841790
10,005,274,582267,26283185
06,002,147,146904,25495171
18,017,211,380249,25038240
14,097,150,416626,24806012
03,008,76,238487,23462535
25,001,273,416299,23405980
19,018,57,143668,23173518
11,015,83,171709,22772949
28,027,82,384033,22217097
03,003,79,251871,21947977
30,087,365,457928,21632679
13,030,287,86363,21153634
32,005,37,39917,20074690
02,001,109,466814,19888451
23,008,92,159310,19876304
20,067,634,263357,18897067
30,204,28,46010,18739632
13,048,541,267862,18477891
15,070,237,253845,18237471
30,085,74,65385,17820655
12,038,156,118211,17793009
15,072,21,12748,17621092
28,041,202,321953,17235893
30,044,138,196541,16420256
05,010,34,75215,16146788
14,067,117,255681,15980365
20,184,100,155766,15792827
15,095,80,88559,15750758
26,043,40,220292,15644866
15,024,61,140059,15571205
26,042,61,157729,15230935
15,013,359,489937,15080586
11,032,42,72411,14955471
32,010,140,213139,14260986
13,069,101,97461,14162179
15,101,136,70682,14159880
21,156,1491,274906,14103199
15,058,943,1110565,13694267
30,118,118,120995,13458636
04,002,154,259005,13364025
23,004,128,244553,13198682
14,053,74,153817,12356429
01,005,50,99590,12224421
06,007,114,161420,12024386
16,102,362,315350,12018411
31,101,41,50993,12013563
15,048,160,61204,11993784
11,044,65,55782,11908759
13,063,112,80612,11058112
19,025,17,55213,10978176
15,039,354,467361,10967342
30,048,124,117725,10907852
15,014,235,93718,10565037
11,005,42,85319,10553735
22,006,75,143073,10550367
05,025,22,152806,10537320
21,074,100,63457,10162960
29,031,57,28760,10161095
02,003,18,101079,9693778
15,037,146,242167,9544002
30,189,124,143362,9445087
15,054,159,214162,9168822
08,021,56,137935,9118943
15,062,114,61805,8948949
26,029,42,149299,8652280
21,132,222,141112,8598853
08,017,43,154639,8546163
15,076,97,72579,8455904
28,040,27,63170,8417671
29,033,281,89795,8287599
13,076,211,103919,8286046
27,008,50,179285,8098329
09,011,361,360265,7813947
07,089,261,320451,7663736
15,099,163,235151,7650829
09,008,143,239086,7318643
01,011,20,35769,7265463
26,023,1,6362,7186179
14,063,86,92967,7109081
17,004,122,78866,7066974
05,002,29,136755,6979244
05,020,9,66834,6963622
24,035,175,267839,6873622
13,061,101,51664,6757695
25,011,176,285912,6718782
18,020,70,124205,6672873
16,108,177,186102,6634642
15,025,341,310130,6549519
17,006,278,175207,6529360
26,055,46,178380,6480960
15,081,302,364579,6251434
30,038,64,86696,6241697
32,017,102,159991,6148441
32,056,83,138176,6139932
26,017,11,81309,6105557
24,013,159,167713,6061294
12,029,925,241717,6002438
11,031,85,113570,5982621
15,020,162,278064,5912356
15,002,169,136558,5838349
23,001,45,79535,5807677
14,093,68,136123,5807032
21,136,28,11598,5784936
15,035,125,100023,5751750
30,123,78,97290,5612092
13,051,185,127404,5529080
29,038,35,14611,5350890
06,009,79,112726,5259951
19,031,79,256970,5141717
14,044,18,41060,5116981
14,101,272,478689,5108610
15,019,73,34101,4936262
21,119,141,100439,4922775
24,050,19,46898,4850680
26,025,13,54131,4706546
16,107,185,73455,4670071
13,077,171,151584,4647081
21,174,232,92246,4606588
15,118,157,167759,4556767
12,035,170,140363,4469122
13,029,31,44253,4390629
29,005,213,76492,4344829
21,140,191,120459,4128453
02,005,20,90668,4105326
14,094,75,40697,4050865
24,020,70,91522,4034167
05,028,16,60847,4021859
08,032,56,107061,4019544
19,033,26,78669,4001680
30,014,32,42268,3986611
11,011,162,88397,3979389
29,041,109,26997,3974084
21,040,8,9538,3930956
11,003,83,160383,3896589
13,013,104,31078,3844619
05,004,4,22544,3818985
15,045,67,83755,3778167
05,022,1,27928,3764669
14,040,10,10284,3696930
19,045,12,32660,3681907
30,207,36,45095,3670403
16,069,103,99576,3636276
19,010,4,16092,3577003
03,002,20,59114,3501097
11,023,74,149936,3456115
19,012,10,24526,3418266
21,154,223,71571,3409257
14,066,47,48408,3380578
17,008,169,83485,3359592
15,122,362,357645,3300491
24,040,25,37956,3246035
14,023,275,100534,3241861
28,033,43,118259,3215855
14,124,32,63636,3200676
14,008,39,72812,3136191
22,012,45,63966,3123002
20,010,6,13608,3085476
23,009,18,28263,3068682
14,121,82,29192,3067776
26,048,21,57342,3039136
26,002,14,79138,3005738
29,028,100,21671,2949505
16,043,58,64011,2910227
03,001,28,70816,2903887
29,042,34,12255,2886047
28,021,88,115792,2879479
11,025,44,68795,2876179
05,034,2,6375,2875225
15,060,303,366602,2818413
30,102,80,101358,2756007
15,010,98,27521,2735830
19,038,20,59113,2720486
30,175,69,89774,2698588
25,015,48,79085,2631698
22,007,25,38123,2624760
24,008,24,21394,2569548
14,005,21,14648,2565921
07,019,171,141013,2533001
15,031,735,614453,2509338
29,013,439,84979,2465788
07,061,86,82059,2427632
21,117,102,14052,2417111
19,044,7,34671,2413761
30,049,3,19710,2364443
19,004,9,32593,2346071
14,013,25,57717,2324950
08,050,19,59337,2294617
10,012,43,141043,2288444
05,033,45,102650,2287392
10,013,14,25137,2277593
16,006,148,123649,2276700
06,010,83,119956,2230636
16,112,246,155534,2219598
27,005,69,192802,2177321
22,005,20,58171,2175269
05,006,12,25892,2159993
17,028,91,63382,2101412
07,108,117,98618,2096438
25,018,99,135603,2065381
05,032,5,41649,2048995
29,006,116,44807,2041625
31,059,37,53958,2041104
31,041,68,78709,2031613
26,003,7,25848,2004561
30,208,22,22907,1977070
10,032,16,44966,1963662
30,068,44,59761,1862555
05,024,15,45401,1857278
21,205,61,22976,1839535
15,092,55,53010,1835501
14,078,21,31166,1815174
15,103,39,46130,1800011
29,039,112,21769,1799503
26,052,3,6020,1795110
14,083,58,69031,1794379
14,006,68,57340,1786942
15,029,131,175053,1776215
29,010,349,66149,1766940
15,042,334,141482,1753889
11,014,174,148173,1752061
25,010,46,97536,1743154
14,015,55,57559,1742923
21,015,228,100964,1741807
30,133,37,55358,1735591
19,049,5,40469,1723149
27,006,28,126416,1672309
06,005,17,27107,1666941
21,019,554,127062,1666056
16,034,278,117620,1653129
14,018,34,64269,1643203
17,029,141,97827,1635276
30,045,47,57366,1627219
01,007,36,49156,1626840
04,004,57,83021,1624365
08,011,18,48748,1618035
30,141,93,157364,1616668
16,076,103,72841,1616569
05,017,48,107160,1605171
21,085,222,72799,1586527
07,040,53,51359,1580381
08,062,10,32325,1560947
26,033,19,79313,1556700
17,031,55,35063,1554638
15,073,39,22152,1554588
14,085,33,37986,1553458
32,026,2,17813,1541143
32,032,10,11493,1537050
08,060,7,10427,1531998
11,041,204,59305,1521202
30,003,99,83817,1520634
20,413,82,38629,1512283
29,048,91,16834,1503657
23,006,26,36179,1490259
24,024,78,91924,1482504
30,173,25,52584,1479903
01,009,10,19668,1477156
32,042,24,61188,1469560
20,043,879,93038,1452734
05,023,4,10991,1447013
24,015,11,21138,1437335
11,042,125,141058,1409242
12,055,115,104053,1405244
31,102,72,74217,1396789
24,048,2,5350,1389405
11,002,85,109030,1379902
30,105,30,59126,1378405
30,082,5,14903,1373260
07,027,64,87603,1371611
30,059,17,15214,1336456
08,045,18,43833,1331182
30,016,22,25500,1321511
29,019,39,18725,1319782
11,021,160,49364,1306656
20,039,154,69839,1301518
30,174,36,94087,1296518
10,026,7,19691,1286684
30,211,16,29277,1286491
15,090,171,77965,1282971
26,036,4,29707,1264641
21,034,102,34596,1262358
30,160,99,104499,1260696
15,110,36,61599,1247916
16,066,107,87794,1236291
14,073,30,65219,1233430
21,149,62,21993,1232489
30,191,21,29005,1216930
31,096,127,73138,1202965
13,028,123,122905,1200729
30,021,21,22986,1197001
15,071,9,13002,1190984
15,091,116,63115,1189251
08,009,13,28766,1185874
17,030,66,46809,1181558
29,059,35,6296,1167636
29,060,18,4436,1164958
14,046,18,31948,1164450
07,106,67,61341,1154078
12,050,51,37035,1145092
17,018,164,108126,1141755
11,028,100,97054,1141084
21,051,83,33935,1140111
22,017,52,63413,1136643
15,108,101,131567,1132152
07,065,59,110918,1130048
11,035,116,79214,1128648
15,120,354,159647,1127986
17,012,83,55115,1117642
19,041,5,20843,1115170
20,390,137,47356,1092550
20,318,96,42860,1075244
08,065,1,20386,1068392
14,108,124,34182,1068051
06,008,6,8174,1043201
21,197,273,75601,1042749
26,019,6,32936,1040129
14,105,15,21871,1036623
18,004,61,70399,1033610
24,058,10,20495,1031708
30,097,23,20141,1028888
20,385,179,77833,1024170
30,128,196,68982,1020197
21,104,78,27292,1016690
30,026,23,21546,1013074
32,025,8,12234,1011935
24,009,0,4021,1010492
32,020,60,57610,1010444
11,033,100,115656,1000632
24,055,9,24596,995418
30,089,47,39673,994004
21,110,104,42887,992960
30,205,32,19128,986332
30,052,8,11645,980796
08,004,2,10688,975378
13,003,221,54299,966502
15,088,73,90946,962703
29,043,72,33081,958873
15,005,109,147653,957449
16,088,46,78623,957262
07,009,47,40042,953473
16,045,35,34199,931316
18,001,19,36572,925517
30,115,27,34688,924444
30,065,30,61718,912780
28,043,24,22864,901957
05,007,3,13013,891379
30,124,179,158599,887444
30,071,37,54561,870960
21,063,35,13785,868989
29,018,168,35084,866915
11,030,58,106952,865125
29,015,83,35162,863927
21,071,154,97753,863359
16,075,64,64141,855908
15,116,6,4051,844513
14,030,33,48839,832052
09,009,166,130582,818807
20,553,229,9417,818682
27,013,22,115066,815731
14,050,30,42164,814496
07,097,111,84594,798811
17,009,16,17340,788773
30,053,21,26265,780469
18,015,44,93074,775238
01,006,29,41862,768351
32,009,3,10565,751054
30,138,44,40634,740816
08,036,21,41265,740059
27,016,27,53555,735152
13,052,58,32057,731768
28,035,25,57220,727343
23,003,7,16203,724378
13,084,81,38516,722046
21,001,206,60353,720796
16,050,61,80258,720685
32,039,38,62693,717660
24,016,39,41529,707750
21,208,225,76296,701650
16,071,44,67837,700632
26,058,3,16014,691866
17,017,150,61585,689509
18,014,8,22412,679797
21,164,92,74708,677165
24,036,13,28848,674513
08,002,7,22302,671940
30,121,13,23276,667537
13,050,96,22217,666316
04,009,23,54184,664043
08,059,3,4753,661662
20,482,81,50309,658276
28,025,14,27015,657722
25,009,76,54131,649229
30,077,32,42205,647422
20,002,48,44885,639301
21,161,75,19002,638075
14,041,8,6084,637022
15,085,96,62695,636936
08,052,7,26304,636571
03,009,8,16738,635303
12,066,97,81419,633809
27,007,25,29518,633537
14,109,9,17325,633295
32,029,14,22296,632111
14,035,39,51396,630430
05,003,3,22675,629323
31,052,25,33978,624795
31,089,67,37685,619168
15,100,34,35199,618640
16,020,116,28227,617429
14,022,30,39020,616013
22,001,8,62197,615091
25,014,22,49380,609025
27,003,35,102110,601215
18,008,34,49102,600558
27,017,37,58960,599792
30,011,16,51955,596866
21,091,17,10213,596712
16,082,32,69955,595259
30,040,32,48351,591692
11,004,36,64433,589246
01,003,25,54136,586127
06,001,27,28695,583712
30,155,98,101743,581389
13,041,117,42834,580259
20,033,3,2433,579650
14,123,4,17585,574277
13,008,107,42563,572443
20,515,166,61872,572307
12,028,184,120790,563783
32,036,32,40740,561986
20,397,55,38453,560136
30,061,34,77426,556236
20,014,64,26450,555167
14,002,16,23241,553195
12,011,45,61316,546363
13,074,115,26758,544627
05,009,28,55676,539904
30,116,25,14784,537480
12,057,78,62071,537352
24,037,40,96820,537032
19,047,6,16604,536636
07,059,126,198877,516735
15,040,19,33541,516353
15,003,12,44823,514200
11,001,50,84332,512328
10,023,15,49162,512115
25,002,20,44993,511074
16,051,9,13031,506052
20,157,37,13860,501004
06,004,17,19385,500833
14,064,16,30097,500649
14,021,24,21475,497440
12,075,181,46158,496967
25,008,21,42907,492922
16,055,75,44963,490036
07,017,87,78114,489116
32,019,15,23557,485833
12,046,107,61306,482373
30,125,21,29165,476944
30,073,37,41649,474973
24,025,15,30190,473306
29,025,390,69615,472555
31,079,60,40547,471625
15,030,32,22819,471281
20,409,15,8165,469505
31,002,14,15337,467997
07,051,29,43913,465222
14,119,21,27901,463695
11,018,67,36584,460463
10,008,27,34052,458490
21,053,114,57909,454804
17,020,110,41629,453404
24,018,1,15311,451798
30,206,23,27094,451246
13,056,22,33495,450961
11,013,8,23324,444998
16,070,19,15306,442512
28,012,24,43435,441940
11,008,18,37145,441778
12,034,64,37364,440715
31,040,34,25980,440173
16,095,17,11504,438797
21,108,39,16575,437069
16,038,28,41937,436599
07,034,55,67012,429296
30,109,58,62919,429228
23,002,59,75026,422738
21,003,92,33865,421837
15,075,19,24851,420120
19,020,1,5527,418424
04,001,67,52890,417170
15,082,54,71077,416465
19,011,2,7855,415795
20,324,92,43860,415732
20,057,49,38019,414130
30,013,34,27548,412014
32,048,17,25493,411168
19,017,6,39991,411052
32,024,34,48365,410600
15,009,72,48421,409548
21,010,190,60621,409271
14,016,28,38291,406933
15,053,45,50240,406285
18,006,30,27273,401540
11,009,72,77794,399756
18,012,23,43120,391971
12,058,128,53769,389270
28,002,19,29470,387058
13,081,58,32437,385607
16,065,51,34721,384259
22,004,31,64183,383690
14,082,70,34829,382169
15,015,84,27663,381853
18,018,38,30030,381323
11,046,82,70782,381298
31,061,4,3438,380849
19,014,14,35445,380225
26,070,4,15652,374040
32,044,7,15656,371935
16,085,37,32677,371867
14,001,11,21206,363792
30,030,41,41778,363744
16,019,13,19644,363041
20,044,42,41535,362039
21,177,128,48268,361695
08,048,8,22880,361168
16,087,9,13558,360882
14,037,20,23845,351874
15,093,16,27944,351352
16,079,54,45217,350371
08,040,10,29611,349109
14,043,8,23428,346302
26,045,1,2878,345216
21,090,28,18540,340370
13,062,2,29125,340087
21,094,103,31532,339604
07,087,38,35056,338166
11,019,14,50832,337760
07,012,54,43179,337750
19,005,2,18480,337490
21,004,110,52078,336174
07,068,13,29813,335681
21,115,69,47281,329611
21,045,141,43882,327434
20,021,24,14667,326969
27,010,21,83356,325741
10,039,8,26092,323423
16,058,31,18834,323058
08,010,8,22378,322995
16,089,37,22987,322018
21,008,5,10457,320275
12,021,47,73460,319518
28,007,14,14933,319510
16,068,24,25296,319072
07,109,21,34028,318648
14,091,19,40105,317625
12,048,62,44979,315353
07,069,26,50079,312781
30,183,55,58084,312687
14,048,6,18634,310579
31,038,50,30731,307636
15,115,71,46331,307449
14,047,19,22881,304346
13,082,32,18036,304183
18,016,30,39756,303670
10,036,13,22244,302961
25,017,17,88282,300435
29,034,29,39939,299743
31,093,8,17176,297496
17,002,18,18895,295546
20,227,26,13704,295241
29,044,156,38654,295183
10,038,22,21117,292024
21,186,86,51495,291569
16,077,10,18461,290686
12,007,44,32181,290370
14,033,16,21132,289550
15,068,45,27207,289116
30,032,49,48593,288536
16,110,30,46666,287521
15,113,26,59991,287306
07,107,100,74477,285301
31,011,7,6831,284871
20,293,13,15535,283496
20,059,114,41387,283328
12,030,38,20175,282712
08,005,7,23975,277457
15,079,7,11798,277058
15,065,31,34232,276988
16,073,53,25592,275788
24,032,19,40326,275010
05,026,0,3473,275003
05,026,0,3473,275003
05,031,10,22149,274802
31,056,48,29325,273772
20,068,138,21341,273439
21,106,49,25720,272766
12,012,30,62690,269620
21,125,12,8170,267830
21,207,67,53295,267654
21,144,77,13541,265018
16,012,41,42234,262342
17,003,61,33695,262182
15,011,58,56243,261911
17,024,67,48881,260656
08,047,1,5312,258833
27,001,19,56739,258702
12,061,180,40058,256790
16,009,28,34848,256383
13,016,29,54500,255652
08,031,9,39626,254498
16,106,19,29995,253983
26,064,0,1731,253452
30,086,35,40747,252770
22,009,10,25550,252215
11,039,22,35571,251881
24,011,65,43528,250156
10,001,15,31401,249921
14,116,17,18711,249471
11,026,108,56655,248755
21,054,76,30254,248540
30,142,21,33435,248171
14,074,16,15454,247482
30,130,49,40984,246408
31,004,4,5701,246292
24,049,32,37928,245356
21,194,95,27890,242373
13,066,18,11654,241417
16,083,11,29414,239867
30,161,44,34956,237589
20,045,5,7522,237459
14,024,18,26174,237259
12,068,9,25712,237056
12,053,57,48501,236954
26,026,18,60717,234809
15,022,25,12142,232875
16,033,14,21294,232342
26,035,2,12316,232228
32,022,14,20543,229360
20,145,10,3474,229148
08,027,11,49689,228785
16,035,27,32757,228760
30,034,43,25801,228405
30,074,6,6750,228329
15,096,69,33907,227336
30,069,41,24353,225428
14,025,21,18091,224678
07,057,55,69119,224033
17,025,31,31534,222189
26,004,3,9049,221089
30,010,48,60396,220607
13,005,38,17055,220418
19,001,0,2791,220403
10,004,17,33664,218742
16,003,14,20913,217670
30,092,37,35188,216969
30,094,30,37193,215308
12,023,35,25922,214957
18,011,15,23469,212860
16,010,29,21790,211323
32,034,33,27932,210135
19,032,2,5349,209645
20,551,47,19625,209537
15,114,14,94369,208842
29,002,39,13361,207932
14,088,5,16573,206919
20,073,24,31897,206629
21,180,41,36518,206152
21,142,160,27622,205503
30,192,12,19541,205086
15,067,117,78146,204381
15,028,21,26191,204097
15,018,52,47033,204051
28,013,2,15659,203935
30,134,2,21603,203401
20,334,75,43913,202936
20,006,76,17820,202844
30,181,25,37037,202285
07,052,42,111484,202123
08,020,2,8441,200553
28,037,10,24764,199277
25,007,7,32998,198576
20,083,74,8089,198251
28,017,8,15105,198163
13,004,8,8994,196526
15,087,149,90010,196484
21,143,31,28419,196255
13,075,18,13228,193140
26,071,10,22009,192945
32,049,16,33323,191902
29,007,71,15368,190508
21,199,51,37910,190384
14,100,17,35050,189507
05,038,2,12702,188635
20,350,18,16241,188175
14,077,14,26306,186597
24,045,8,14492,185168
16,103,59,23457,185014
07,092,25,41045,184985
24,021,4,53442,182858
29,032,17,12410,182696
28,015,4,15775,182542
20,401,33,22562,181845
13,083,24,39143,181018
07,002,42,28947,180923
32,055,22,29395,180696
30,047,41,52510,180380
24,005,20,18937,178237
30,196,9,17462,177544
14,125,5,17626,176340
14,045,6,19005,176243
25,013,13,45847,175923
12,039,29,24364,175541
13,057,12,14851,175504
04,005,26,28306,174872
07,013,24,30642,174126
08,044,2,4499,173720
14,055,29,21321,173376
30,015,20,33528,173349
13,012,45,26940,173290
14,003,29,21714,173264
15,074,101,121396,173121
27,011,7,29511,172819
14,118,9,22284,171358
06,003,37,20888,171348
28,016,11,23793,169434
31,048,25,21704,168099
19,013,2,10864,167932
13,070,52,17153,167788
11,012,21,27308,167144
05,019,1,8207,166647
14,086,8,18096,165968
15,023,101,39030,164960
07,008,23,26628,164940
15,064,32,34446,163101
30,151,7,23588,162809
04,011,15,41194,162747
14,079,37,14011,162583
20,469,12,32927,161335
14,009,15,17545,160003
24,022,6,19327,159262
04,008,13,9736,159012
16,056,43,27174,158813
29,036,53,20625,158733
31,058,39,24159,158680
15,112,31,44881,158251
12,015,9,12688,158124
07,032,20,30068,158107
13,059,17,35067,157863
30,023,13,48397,157272
21,047,56,19037,156825
31,091,8,11421,156229
19,050,0,1971,155903
13,038,1,7980,154445
19,022,9,14437,154266
12,077,28,12912,154005
21,076,17,26689,153250
26,012,17,22821,152197
20,041,46,30004,151707
21,035,48,19639,150993
12,014,7,15019,150751
14,102,7,5930,150587
30,066,46,25548,150512
15,044,39,26328,150247
20,107,606,21456,149964
31,028,4,2463,149272
26,047,3,9468,148662
19,016,0,3345,147462
15,001,39,60918,147390
28,039,11,27572,146721
27,015,13,46302,146540
18,010,11,34393,146420
08,001,2,11457,146055
20,565,170,34101,146048
21,153,44,20267,145869
24,042,36,14382,142117
17,033,29,14641,140487
14,076,2,3405,139511
30,143,33,56427,139454
30,080,13,21407,138847
16,025,39,36293,138665
24,007,12,18485,137803
08,056,0,2235,137780
14,059,16,13225,137345
15,052,96,25624,137266
14,096,17,20857,136270
13,002,18,40583,136162
14,114,15,16969,135763
16,024,56,18141,134487
11,010,6,11691,134232
16,091,15,13511,133523
08,025,2,8624,133207
15,117,9,15121,132433
32,023,10,12284,132384
30,148,21,27008,130964
13,023,117,33901,130517
20,570,58,19215,130235
14,058,16,14245,127787
20,338,27,9280,127245
30,178,9,13284,125122
20,298,47,11825,124945
14,036,30,18632,124022
16,028,4,5564,123722
16,002,27,16214,123465
21,211,38,15444,123118
15,050,33,23497,123065
14,017,14,12664,122672
22,018,9,26372,122548
21,013,234,18920,122530
30,158,22,25126,121016
29,014,29,13879,120931
30,004,9,40994,120324
24,010,17,31323,120285
15,021,14,36174,120260
32,050,4,9353,119972
04,006,23,37777,119627
16,111,14,15222,118452
13,067,164,48025,118448
12,022,15,42069,117688
07,079,19,33060,117394
30,144,24,31974,116849
17,026,14,16543,116470
10,022,12,24918,115447
21,102,60,12011,115281
14,065,33,12119,113801
17,021,7,7441,113576
07,081,17,40297,113295
21,189,69,19701,113133
16,097,14,31877,112879
31,085,16,14801,112251
21,043,25,47433,112200
20,294,14,6307,111678
30,051,67,21822,111032
16,014,9,14136,110281
28,011,5,8786,108988
11,016,13,20117,108903
16,074,19,9980,108026
21,169,9,20478,107885
28,001,6,12070,107782
10,037,2,8581,107756
24,053,30,33245,107588
31,003,49,10362,107480
13,046,65,39181,107278
21,129,61,12699,105586
16,093,13,27587,105580
15,008,13,26334,105410
19,042,1,5359,104983
19,027,1,2030,104265
23,007,16,25333,104155
16,098,48,26026,103804
21,067,25,16551,103608
14,110,6,13737,102912
12,067,22,21819,102851
19,037,0,5447,102801
20,327,9,13992,102685
15,069,4,4147,102533
24,054,12,51498,102498
08,034,2,6934,102478
20,124,387,17094,102271
20,399,93,27465,102213
30,112,6,20255,101912
13,031,16,12804,101768
31,080,15,9884,101302
07,015,29,43811,101280
01,002,16,45492,100895
07,037,30,33444,99910
15,043,95,26865,99600
32,051,17,34328,99345
10,018,7,11320,99291
15,055,13,11712,98897
17,001,8,17021,98244
14,084,15,14410,98163
25,004,5,28493,97893
25,005,8,16697,97535
15,094,31,18327,97405
08,029,7,53499,97107
16,084,39,27822,97041
14,087,22,16847,97030
07,003,19,27580,96386
16,113,41,25576,96347
27,009,5,36391,96247
20,418,29,11888,96112
30,091,15,27080,95990
16,105,12,18995,95925
21,166,34,8056,95643
16,090,33,13950,95630
15,059,48,31691,95439
30,046,17,15668,95398
10,024,9,12788,95149
21,214,137,15690,94754
30,201,9,41923,94347
07,048,9,21084,94196
20,559,6,22446,94194
15,084,39,35987,93784
26,038,3,4680,93324
28,014,0,4477,92927
21,017,61,25386,92561
17,019,58,25346,92439
30,093,8,15313,92355
14,113,6,15310,92122
16,030,10,12855,91974
14,103,7,7256,91627
15,036,107,39864,91594
12,052,59,42360,91540
13,006,17,18879,91353
21,038,19,8709,91238
04,010,7,26882,91026
15,107,13,12099,90479
13,039,16,13864,90024
20,129,0,334,89796
21,118,51,25553,89580
20,115,12,8684,89187
07,054,28,26573,89169
16,063,9,16064,89107
07,004,28,29865,89083
14,042,7,8781,88642
31,095,3,5388,88340
32,007,5,12803,88105
16,015,32,17615,87708
20,028,35,19679,87652
29,026,48,17968,87524
16,064,23,25343,87062
10,035,5,10745,86948
07,094,36,37607,86947
21,170,18,16390,86745
31,053,28,12336,85784
07,072,11,31075,85127
15,063,24,31803,84793
05,036,3,21319,84000
16,062,28,19450,83664
18,007,21,17698,83585
30,058,9,54982,83511
30,009,13,28017,83499
07,075,37,25530,83275
12,036,11,10815,83246
12,040,74,24720,82818
21,191,8,9245,82811
15,012,16,10299,82284
30,169,20,23999,82149
13,021,39,13357,81982
17,022,61,19138,81802
07,077,10,57253,81791
13,001,2,20077,81712
32,038,9,69844,81691
14,112,6,5798,81306
12,045,13,24723,80661
11,022,7,22683,80524
14,029,4,17795,80380
15,097,10,17390,80073
14,026,6,5933,80008
20,364,24,14710,79732
11,029,13,37103,79647
21,124,78,14454,79479
20,545,13,8966,79366
17,010,29,15646,79154
07,020,32,44082,79053
29,053,21,6821,78811
14,051,9,13218,78533
31,019,49,33490,78409
14,107,5,6316,78224
29,021,34,16640,78210
16,047,18,19986,77599
26,072,6,14136,77378
30,132,19,17958,77032
12,027,5,21388,76903
07,021,13,21050,76663
15,004,11,14856,76244
30,072,28,20765,76129
21,163,96,16275,75927
17,015,40,24990,75770
12,003,50,38203,75427
16,023,11,9975,75274
07,096,25,71432,75140
07,046,26,37818,74991
16,040,23,16427,74905
30,075,11,17121,74902
31,076,9,16200,74838
30,114,3,9974,74498
31,098,15,14011,74068
17,013,21,14604,73960
21,134,30,19310,73417
16,017,6,32954,73311
13,009,14,17374,73202
29,023,36,23621,73173
31,083,3,1726,73090
28,030,14,14020,72890
20,405,9,1932,72673
32,013,5,5894,72656
10,020,5,11927,72626
20,467,17,18383,72497
20,087,68,4075,72341
20,042,3,7674,71568
24,057,11,30299,71341
24,051,6,14876,71044
14,092,4,10837,70727
15,006,21,10886,70251
13,024,2,17182,69680
19,034,1,5488,69646
24,046,6,16316,69535
20,557,37,13970,69401
30,120,32,14965,69082
07,071,11,27899,68569
20,525,30,11218,68406
11,024,3,11169,68158
08,003,3,8409,67904
30,164,18,16327,67892
08,053,0,4799,67587
21,064,22,16270,67512
26,039,2,6401,67351
05,013,0,1852,67047
05,013,0,1852,67047
24,027,13,10171,66912
07,102,12,37737,66619
14,072,4,6647,66370
16,036,17,11592,66238
18,002,9,15229,66215
15,111,9,47709,65722
32,037,10,16875,65569
15,016,26,25559,65456
16,029,17,14366,64790
07,099,21,72769,64558
30,106,4,4429,64539
32,014,5,21974,64483
15,056,49,28426,64267
30,145,21,14395,64262
12,006,22,12389,63998
14,111,6,6705,63947
17,032,26,9087,63719
20,030,11,8310,63633
14,020,4,10029,63397
07,030,14,31515,63255
25,016,8,22527,63127
20,278,13,36564,63097
32,057,17,16934,62979
07,064,14,43350,62971
20,025,21,11105,62765
21,179,62,28568,62139
24,001,4,18644,61772
25,003,3,29999,61696
30,126,10,32576,61650
30,070,16,18277,61636
21,046,10,6992,60836
08,043,2,3104,60424
15,047,42,69031,60109
20,403,8,2772,59433
31,084,9,6817,59420
29,008,45,13671,58927
20,441,236,7781,58902
07,086,33,21045,58901
15,086,6,32870,58746
16,086,8,15176,58733
12,073,6,18813,58460
28,024,4,4762,58305
12,018,14,13636,57891
15,046,9,17970,57753
28,018,5,8338,57626
20,295,19,9025,57217
07,114,7,17282,57119
29,003,3,6018,56959
16,042,7,13584,56668
01,010,6,18828,56348
01,008,5,8443,55868
13,035,7,11429,55398
08,030,1,8998,54987
15,123,27,27781,54861
13,042,15,11209,54827
30,100,7,22585,54150
16,004,7,14684,53931
20,232,4,21514,53830
07,031,13,111554,53677
30,194,9,10851,53620
20,375,23,10120,53586
16,011,6,10653,53532
22,008,6,35554,53233
31,013,9,9143,52780
14,014,8,8276,52749
12,071,22,28089,52700
12,051,36,34728,52625
32,045,5,8215,52410
32,016,14,22346,52408
30,150,22,11211,52096
13,018,11,22402,51953
13,072,16,10248,51868
20,190,6,22356,51696
20,143,13,8959,51679
24,056,19,15528,51621
07,001,8,16814,51377
14,075,4,3762,51152
07,091,15,12170,51098
16,061,9,22628,51073
12,032,52,36586,50790
13,054,39,32773,50769
20,103,7,5651,50740
12,010,5,26341,50464
15,102,6,15391,50450
30,152,3,12242,50273
19,007,8,15470,50263
30,022,25,20063,49973
01,004,8,15042,49793
21,172,11,25793,49654
26,066,6,9185,49253
15,098,11,5111,48503
20,540,43,7059,48325
31,055,13,6285,48252
20,026,11,8481,48220
16,021,19,12163,48144
15,061,10,8895,48084
20,055,4,3530,47989
08,028,0,6458,47588
15,032,7,33455,47542
13,058,32,16865,47528
30,117,9,22561,47434
07,016,4,17140,47423
18,003,4,11188,47254
21,109,8,20618,47235
31,066,7,3833,46926
21,212,16,19438,46899
17,005,6,9471,46879
12,056,25,44079,46611
20,526,43,15986,46451
21,157,21,11328,46405
14,090,10,7051,46251
16,044,14,13275,46249
16,072,11,13550,46233
31,032,15,15571,46149
20,150,67,11893,46111
16,100,19,13556,45995
16,078,16,12618,45876
16,099,14,16305,45751
11,038,25,11641,45571
17,016,22,16858,45287
16,013,7,9212,45163
30,135,23,20245,45025
07,047,4,18683,44909
28,019,8,17333,44872
24,012,8,21039,44848
26,054,0,492,44751
16,041,17,14766,44719
31,033,24,19072,44675
31,027,8,8133,44473
12,059,13,30470,44439
30,129,43,17888,44322
31,067,9,9276,44285
13,011,13,19452,44160
21,173,28,5689,43938
20,447,6,15076,43777
28,004,5,9003,43603
13,079,3,7320,43560
21,171,11,3365,43263
12,033,27,14393,43185
20,262,0,1043,43005
10,017,7,9626,42913
10,034,3,26368,42809
04,007,8,8352,42586
20,177,7,9441,42296
20,475,24,9653,42018
16,001,26,10987,41999
30,006,2,20973,41996
19,029,3,6914,41894
14,054,3,5499,41764
28,029,5,12962,41683
12,019,32,14456,41655
13,065,22,11112,41636
31,006,9,8637,41630
21,087,24,12662,41619
30,099,12,16898,41437
20,439,22,24318,41327
13,073,22,36382,41276
16,046,13,13604,41270
21,082,25,8093,40895
16,067,4,17159,40475
16,104,13,16991,40467
08,067,3,5105,40088
08,055,5,16785,40076
14,068,11,11623,40004
24,023,11,15707,39898
30,101,15,33941,39862
30,185,8,4879,39738
32,031,5,8929,39681
16,016,15,20492,39633
14,007,6,8896,39490
14,012,3,4115,39337
14,080,0,5755,38981
20,339,14,3989,38977
13,036,14,9364,38792
14,027,3,17322,38558
20,005,32,14751,38472
32,054,6,18490,38431
29,024,78,25128,38302
15,049,43,12840,38005
11,043,7,19820,37965
21,151,36,8016,37916
14,052,2,5515,37832
30,060,17,15286,37766
30,078,18,12713,37717
30,033,11,23483,37502
13,037,9,21623,37325
21,138,59,10777,37320
13,032,25,10933,37259
30,199,19,10720,37220
10,016,5,18488,37129
24,017,3,25985,37088
16,092,9,14274,36822
17,014,9,9456,36601
21,065,71,19040,36540
31,082,5,3557,36521
20,248,50,14252,36512
29,001,46,9875,36365
16,049,7,17427,36312
16,005,5,10768,36250
14,057,3,3755,36235
32,047,6,5506,36106
08,013,0,10587,36055
07,049,11,20349,36008
30,111,11,16120,35931
07,041,24,41266,35874
13,022,9,13830,35819
30,210,3,27346,35809
21,155,3,5420,35779
07,044,9,24517,35717
11,036,6,6670,35713
12,064,13,11495,35462
22,015,5,8865,35445
24,003,5,47423,35131
32,040,5,21533,35041
16,060,7,9599,35022
12,054,16,28009,34916
18,009,3,34300,34674
30,081,41,21150,34658
31,065,2,1839,34376
08,007,4,17672,34311
30,095,9,16387,34197
21,073,21,8679,34007
13,053,15,18137,33955
06,006,2,5300,33912
12,062,5,21306,33765
30,036,10,9416,33762
10,028,3,11855,33652
05,014,3,9935,33574
20,550,123,5076,33551
29,050,85,9880,33426
32,052,8,18269,33209
19,051,3,4113,33207
30,188,5,16403,33200
19,036,1,7095,33195
29,004,17,15935,33063
12,017,12,14707,32943
14,122,6,6685,32860
07,103,11,28137,32787
20,337,6,5602,32567
20,023,72,18428,32255
15,026,43,27551,32242
13,060,9,17206,32119
11,034,4,5120,32067
32,011,4,3013,31668
13,017,9,12271,31615
26,069,0,6046,31591
24,034,35,14958,31575
21,137,32,9185,31545
07,066,12,20589,31507
16,022,15,21723,31279
14,032,5,5814,31095
13,044,4,15666,31095
21,048,48,18762,30965
30,122,28,15909,30962
20,520,6,7153,30872
16,057,4,7799,30630
24,043,17,9024,30452
20,185,9,8680,30411
07,083,15,17125,30380
10,015,4,12411,30257
30,035,16,11081,30247
31,039,6,3803,30176
31,007,7,6811,30144
31,001,4,6356,30081
14,060,4,6034,29987
05,037,0,6289,29604
20,427,24,15387,29383
30,186,5,6763,29255
30,157,18,18663,29252
16,008,3,23536,29225
07,035,7,12665,28917
30,172,33,20199,28715
32,004,3,4372,28596
22,002,3,27093,28540
15,089,14,10578,28463
15,027,12,9676,28366
10,021,8,10473,28362
26,014,1,3560,28332
20,546,32,5638,28138
31,069,7,8449,27982
07,073,9,9002,27942
15,124,22,91345,27854
07,080,4,38143,27785
20,277,6,12525,27760
30,167,20,13949,27759
30,119,9,5250,27661
32,053,13,12893,27650
26,027,1,8639,27509
31,036,8,7257,27500
07,062,3,17067,27348
12,016,2,13025,27286
21,069,35,25373,27263
30,127,7,23648,26823
31,029,4,5905,26757
20,325,12,10491,26757
13,014,29,16962,26746
29,027,68,11763,26686
14,095,8,9088,26511
30,090,8,10376,26500
21,005,12,2881,26497
21,175,47,9807,26496
14,038,4,4323,26479
26,056,3,8382,26321
12,013,15,14429,26268
21,099,16,18954,26244
32,008,9,11915,26190
30,054,11,11683,26008
31,057,6,7461,26002
21,020,27,6426,25938
16,094,4,6890,25927
20,459,13,4479,25857
20,134,9,26838,25852
20,166,7,11019,25847
12,049,10,11558,25841
29,017,59,9740,25787
08,008,1,14362,25720
08,024,2,3937,25653
15,080,5,25809,25634
29,058,29,7992,25553
14,117,3,4152,25550
13,064,7,9940,25549
30,062,15,18601,25538
05,011,7,11682,25510
15,007,5,22868,25270
31,037,8,4841,25176
21,168,20,6580,25066
07,116,4,9856,24866
21,075,68,11868,24642
16,032,3,14555,24434
20,131,38,10500,24417
13,025,24,22621,24411
30,209,35,14297,24399
32,030,3,2529,24302
21,195,18,24217,24240
32,006,6,8239,24199
21,025,14,8153,24144
12,042,29,17702,24130
11,040,10,18175,24120
29,022,13,5711,23978
17,027,10,10789,23947
24,047,1,9779,23749
13,027,22,23563,23673
31,035,8,5697,23665
08,006,2,6011,23606
20,453,6,3915,23556
13,049,5,18244,23505
07,023,9,76941,23426
16,048,3,5506,23389
31,070,6,3930,23342
20,063,11,3882,23317
07,076,4,25187,23219
30,182,8,16311,23094
30,063,4,14688,23051
20,066,11,5353,22991
14,115,4,5638,22961
11,045,3,11560,22907
14,061,3,18084,22864
05,012,1,2091,22849
10,009,1,10149,22845
10,002,2,4122,22735
21,058,13,19257,22728
15,038,7,10308,22686
20,141,13,7232,22532
08,023,0,5892,22504
21,162,13,4244,22413
13,019,6,17436,22231
21,016,4,7848,22082
10,014,3,33396,22039
24,052,6,10174,22027
12,025,8,15115,21881
21,152,32,11706,21828
15,125,19,10216,21767
15,034,27,9369,21718
21,044,16,15367,21708
21,112,8,9382,21622
31,075,9,6205,21603
21,217,12,20529,21550
31,025,11,4941,21396
31,062,6,4589,21201
20,539,17,5025,21141
07,100,2,31723,21111
13,007,22,11294,21096
21,188,30,17028,21065
32,033,2,4563,21023
20,499,10,2021,20962
12,074,20,22587,20898
15,083,12,11206,20824
21,026,56,13730,20791
20,307,6,9594,20764
20,174,7,3759,20680
16,037,4,7983,20592
26,006,0,3037,20468
29,016,55,6791,20293
20,437,8,9663,20234
30,067,40,16418,20205
21,111,28,18435,20062
20,090,4,5867,19971
20,084,7,3893,19862
16,031,2,16218,19754
18,013,7,7510,19742
07,005,4,21275,19468
20,348,4,8246,19444
30,083,16,49820,19287
07,043,3,10176,19050
24,004,0,4436,18958
12,060,9,13128,18773
26,001,2,2637,18769
21,209,12,8220,18659
12,008,13,8390,18596
29,020,17,8474,18578
31,047,6,5250,18535
19,008,2,3773,18322
30,055,12,12626,18158
32,018,2,4306,18135
32,001,2,6314,18120
30,149,17,32596,17974
31,100,5,3469,17899
26,016,2,5275,17877
07,042,4,10239,17836
26,020,2,5347,17793
22,003,3,12910,17685
15,105,6,32997,17666
31,078,4,3683,17617
20,198,35,28142,17602
20,483,13,9542,17588
21,072,7,15689,17540
08,039,3,4025,17491
24,014,4,17015,17474
30,002,9,3085,17425
20,537,9,6747,17368
19,024,2,5942,17333
31,026,3,3489,17181
31,023,10,4530,17082
12,044,21,11376,17033
29,056,26,6857,16909
30,088,11,4940,16872
14,049,1,9545,16848
16,109,2,3247,16847
12,070,15,7079,16846
31,044,10,6571,16793
21,103,6,6009,16789
22,013,2,18441,16756
31,009,6,4696,16714
24,041,6,19312,16694
14,010,7,6655,16577
26,021,0,1663,16551
19,002,2,3443,16515
20,305,42,3944,16469
19,030,2,3558,16397
14,104,2,4435,16388
30,136,5,7023,16256
20,500,9,7883,16206
29,052,37,5660,16203
07,085,14,9740,16135
30,147,1,21380,15952
21,215,10,4599,15941
07,018,10,8444,15935
21,033,12,4763,15885
30,057,5,13190,15762
20,505,17,7554,15720
21,022,35,11684,15718
30,050,23,15492,15705
14,062,2,3574,15634
16,054,5,8091,15611
20,269,2,4127,15590
30,104,23,17333,15492
07,093,5,40268,15353
31,045,4,2449,15270
31,068,3,3126,15219
08,035,2,10953,15184
20,549,18,11319,15155
30,197,4,11357,15142
26,068,0,1254,14989
30,159,2,23479,14930
20,462,3,4350,14905
15,017,5,8864,14869
20,414,13,10794,14868
05,021,1,6335,14843
20,052,10,6182,14785
31,024,6,3148,14784
29,049,12,5064,14693
21,006,5,14754,14688
29,046,4,4146,14653
12,037,15,6603,14624
07,111,13,36489,14547
20,091,13,4879,14466
20,513,19,8394,14465
20,171,9,18478,14378
12,081,7,10522,14371
20,314,3,1693,14339
24,044,3,7902,14316
20,377,1,10975,14231
14,106,4,4234,14196
30,198,3,6784,14184
20,310,50,6822,14168
21,070,2,6643,14153
15,077,3,6272,14144
20,491,0,4170,14118
30,113,1,4507,13980
16,080,7,18427,13976
20,398,32,4406,13866
32,046,2,7090,13852
29,037,35,8224,13805
20,247,3,1467,13798
26,051,3,5226,13795
29,054,23,5045,13727
12,026,7,9166,13711
20,178,1,6287,13651
19,040,0,1034,13643
20,153,28,4733,13623
29,030,22,13775,13621
05,029,1,2314,13610
20,452,67,4220,13596
20,421,6,4442,13596
20,531,177,2333,13557
14,011,4,5400,13542
20,309,3,10371,13483
29,040,11,9777,13433
20,406,0,20584,13429
21,057,7,7463,13356
07,055,4,5033,13348
30,025,21,25456,13336
12,005,8,6637,13229
07,104,14,14009,13199
17,023,6,6636,13110
24,039,11,14274,12953
20,075,7,2671,12938
12,004,3,18971,12891
13,015,5,18427,12796
21,147,20,5944,12788
30,176,7,4632,12726
31,012,7,3701,12618
21,078,6,13982,12605
15,119,12,16365,12602
20,381,2,2606,12528
20,239,1,1077,12512
28,023,2,4530,12371
31,043,5,2761,12271
13,068,6,14037,12028
31,087,5,4725,12000
20,280,6,2394,11989
29,029,9,11048,11930
24,006,0,9716,11884
07,070,3,13201,11866
10,033,3,6761,11859
21,089,34,12997,11858
15,078,3,9111,11748
20,031,1,7362,11724
21,002,12,8916,11716
07,084,3,8065,11697
13,055,12,16014,11633
28,042,2,6316,11581
30,154,5,12814,11541
20,136,3,11575,11438
26,057,0,1604,11411
31,097,7,3464,11374
30,043,7,18713,11359
26,013,1,1646,11311
30,005,4,5129,11294
31,074,7,3609,11254
07,029,6,5018,11241
30,139,4,5908,11192
26,032,0,962,11158
20,130,28,5098,11155
07,014,8,18559,11100
21,060,25,6946,11050
22,010,1,19929,11030
20,561,12,2683,10976
29,057,19,4349,10972
14,069,1,8691,10971
07,105,14,14089,10954
13,047,4,5049,10905
07,006,6,29547,10880
21,185,11,8404,10844
16,018,2,8952,10814
20,472,6,3198,10804
14,004,6,5545,10792
08,012,2,8795,10773
12,043,2,18976,10764
08,038,2,4953,10641
05,016,1,1835,10623
16,096,5,7890,10619
29,012,3,8399,10605
20,037,2,4402,10605
32,058,3,2821,10595
21,181,10,6269,10529
24,029,7,21347,10496
16,059,2,8240,10469
30,027,3,16692,10454
20,070,2,6629,10446
28,034,1,9331,10311
31,034,6,6061,10280
20,308,26,2839,10257
31,020,3,4113,10143
30,168,11,14648,10132
20,300,3,6468,10057
20,519,5,2790,10055
20,038,5,2112,10047
30,012,1,7487,10023
21,203,27,6049,10019
20,371,1,954,10014
07,110,16,6734,9997
29,045,16,5687,9934
31,105,5,2868,9922
31,046,8,2888,9920
31,021,10,7952,9838
21,148,12,8040,9837
07,028,9,5405,9811
08,063,2,6211,9770
20,176,4,2808,9746
31,015,3,4966,9745
31,106,4,2137,9727
20,197,27,3047,9726
14,028,1,2171,9629
15,066,4,4864,9607
29,051,11,3581,9597
31,008,6,4095,9524
21,182,21,4833,9437
20,360,34,3592,9379
29,011,12,4285,9328
20,077,3,3568,9265
08,061,1,3662,9254
31,081,5,3100,9245
14,099,10,9591,9221
16,007,4,3218,9175
10,031,6,7003,9150
30,203,13,13434,9145
20,013,5,2785,9097
21,098,4,6218,9062
31,099,6,3782,8933
16,039,5,7925,8842
20,440,0,896,8840
20,020,2,3860,8811
20,420,0,1680,8804
31,042,5,5502,8792
12,002,16,25027,8760
26,050,0,1599,8742
20,299,4,1108,8736
07,053,1,7793,8728
31,049,8,3269,8698
24,038,5,15838,8676
30,190,2,2177,8642
21,068,9,7718,8640
07,117,3,6900,8632
20,035,1,544,8626
21,012,26,6288,8560
08,064,1,1869,8399
07,115,6,11451,8375
26,037,1,1350,8370
12,024,5,7007,8367
30,042,11,5728,8362
20,156,5,3478,8348
20,358,5,1854,8302
21,079,14,5306,8287
32,003,1,2692,8234
21,204,32,7514,8215
20,012,21,9860,8209
20,484,3,4207,8197
20,112,23,2439,8177
28,005,2,4589,8133
08,016,2,3982,8126
29,047,3,2769,8124
21,083,1,25326,8117
21,210,3,5608,8105
05,005,0,1808,8103
20,523,2,1609,8098
20,088,1,2851,8095
20,343,4,1849,8091
16,026,2,5271,8034
10,011,1,5280,7955
21,141,4,3395,7951
21,113,4,4585,7925
31,103,5,3236,7918
20,509,1,10547,7913
20,533,2,2191,7900
21,176,5,8401,7876
21,202,6,12249,7824
30,024,3,14613,7810
21,031,15,2964,7796
20,244,4,3669,7792
20,392,1,6678,7791
30,084,3,5727,7786
20,356,32,1993,7785
12,065,3,7096,7775
26,067,0,1738,7770
30,195,0,5163,7721
20,208,0,7611,7714
10,027,2,5947,7698
14,019,1,6820,7693
19,043,2,2628,7572
30,200,3,12379,7465
21,201,6,3187,7426
20,135,18,7187,7407
31,030,7,3540,7355
07,060,4,11878,7347
21,084,6,6811,7338
31,051,3,3071,7314
31,072,2,1876,7313
07,011,2,19281,7291
31,014,3,1595,7290
18,005,3,11400,7290
31,031,3,2772,7221
19,028,1,1594,7221
20,302,4,4136,7220
08,058,1,2983,7219
21,029,6,3791,7210
31,054,4,2755,7178
13,045,7,8963,7161
20,380,12,1972,7156
21,145,11,13534,7144
20,530,3,3385,7142
10,006,2,10629,7052
30,179,4,3965,7047
29,035,30,5589,6985
30,079,15,10724,6970
14,034,2,2082,6908
07,007,1,8728,6906
21,150,9,7060,6885
21,059,5,2468,6795
20,085,7,22565,6775
30,202,2,13866,6756
20,250,1,1181,6650
32,012,4,8104,6647
20,263,3,3483,6644
08,015,0,1681,6636
05,008,0,2901,6620
05,008,0,2901,6620
20,312,8,11555,6592
24,033,2,12043,6588
20,034,1,1425,6571
31,063,6,5008,6561
21,107,12,11641,6554
21,200,6,3911,6527
13,080,17,23607,6519
12,020,3,18855,6469
14,089,2,3511,6463
20,516,2,4571,6453
20,242,4,11361,6421
32,028,2,2584,6407
20,243,13,1742,6373
13,026,2,12779,6311
20,345,4,3968,6302
21,122,6,9426,6262
20,064,3,7390,6260
12,076,3,32792,6229
31,073,17,4447,6220
21,160,3,3121,6208
20,188,8,9494,6200
07,026,7,36111,6199
21,183,13,19826,6190
30,166,1,9004,6187
20,193,4,2546,6183
20,296,2,929,6172
12,031,6,6301,6170
20,449,9,3359,6147
21,130,9,3416,6104
14,056,2,2517,6089
20,367,9,4543,6075
21,039,3,9212,6058
21,093,0,7767,6044
30,177,1,10299,6029
08,054,2,8012,5985
21,184,3,6406,5972
20,333,3,2603,5959
21,159,12,4024,5938
12,069,6,12240,5920
08,014,2,2284,5865
16,027,6,5166,5849
31,104,3,14802,5803
07,063,3,3792,5786
20,102,7,4405,5783
31,077,4,2606,5755
20,567,2,3133,5754
21,178,3,17115,5733
20,082,2,3952,5722
26,059,0,1998,5721
21,158,7,6772,5717
13,078,7,19067,5711
15,041,4,6629,5704
07,067,4,10870,5697
20,304,1,851,5668
20,410,1,3461,5624
21,066,10,6276,5613
12,080,6,7166,5595
12,078,1,18778,5592
20,237,1,1557,5573
29,055,8,2833,5560
20,535,0,2976,5560
13,040,4,10452,5559
21,139,9,3554,5519
05,015,0,1599,5517
20,359,0,809,5489
21,128,28,8087,5488
21,023,9,8408,5465
12,079,4,15678,5456
20,387,6,2858,5416
32,027,0,2662,5408
19,003,1,1374,5386
21,187,4,5415,5359
30,037,38,7810,5309
21,037,3,2339,5301
20,053,4,1221,5301
20,368,7,1816,5287
30,180,5,11276,5276
30,163,2,5222,5276
14,081,1,3726,5231
21,101,5,3598,5225
29,009,13,5066,5224
19,035,0,862,5220
08,057,1,2290,5214
07,045,2,5478,5172
20,009,4,6720,5099
20,078,2,1092,5082
28,026,3,3514,5036
26,040,0,2051,5030
30,165,1,8249,5015
21,014,17,5004,5010
21,061,4,12575,4960
31,005,3,2053,4940
28,031,1,1795,4918
21,131,3,872,4904
08,049,2,2849,4882
10,029,1,2181,4877
07,050,1,4974,4869
30,001,3,8223,4858
07,112,7,29016,4814
30,019,3,5995,4807
07,039,8,22536,4786
31,094,5,4746,4782
20,275,2,7293,4780
08,042,0,1601,4764
20,415,3,4888,4747
32,021,2,4584,4722
18,019,0,13600,4705
21,081,1,3695,4694
21,052,3,1227,4678
20,061,2,2568,4669
20,284,94,3160,4624
21,192,5,5983,4612
20,016,5,8531,4596
20,207,1,17100,4539
20,556,0,249,4537
20,285,7,3386,4508
21,062,6,4594,4503
20,049,0,1141,4493
21,049,11,15767,4480
20,560,16,6174,4463
20,051,185,4368,4463
08,026,1,3209,4438
08,051,0,7546,4434
20,393,19,3604,4430
31,016,5,2818,4392
20,133,0,3974,4387
26,034,0,1154,4379
32,035,2,15607,4370
20,568,5,1514,4361
07,036,2,7272,4355
32,002,2,5005,4336
20,366,7,3986,4321
21,096,6,2633,4305
20,286,4,3220,4294
12,041,2,29599,4277
21,055,3,4699,4259
28,028,0,3381,4256
21,097,4,2216,4220
20,086,4,874,4198
20,213,2,3628,4191
20,507,11,3224,4188
30,156,0,5584,4186
21,036,2,14205,4173
20,125,2,11813,4126
07,098,18,6375,4108
31,018,3,3035,4060
31,090,6,6833,4051
30,007,5,6224,4050
20,266,2,8481,4026
20,522,1,1213,4015
20,470,0,4693,3977
31,088,5,1977,3942
08,066,2,8200,3938
21,167,1,10240,3924
20,200,2,3924,3907
20,446,1,6551,3885
21,042,1,3062,3843
21,092,14,5223,3840
07,082,2,12269,3831
20,369,2,1847,3822
20,132,3,1245,3772
07,025,2,7332,3767
20,164,2,3215,3765
20,116,4,4052,3764
20,104,2,2508,3761
20,474,5,3260,3757
20,076,2,3331,3745
07,033,1,7000,3742
20,450,0,12313,3725
20,128,4,1230,3714
10,019,1,5208,3670
26,062,1,1121,3661
28,006,4,7636,3660
20,105,0,6650,3647
20,486,6,2469,3621
20,065,0,1182,3614
24,026,5,9390,3613
20,123,4,2705,3588
20,169,3,3684,3582
13,043,8,6614,3579
20,273,2,3497,3570
20,072,10,6579,3543
21,213,15,12530,3525
08,046,0,8343,3519
20,508,3,1521,3515
30,212,7,12409,3513
20,046,3,3313,3509
20,113,3,2832,3485
20,126,5,5024,3471
26,028,0,1150,3461
20,349,55,1976,3438
21,105,4,4825,3431
32,041,1,2710,3424
12,047,1,6978,3418
20,497,2,4122,3416
26,063,0,1365,3412
30,162,3,6247,3408
20,301,4,1544,3402
20,279,1,2911,3398
30,146,1,3502,3387
20,158,0,2231,3378
20,022,2,866,3346
28,008,0,4423,3343
21,116,3,21275,3293
20,347,0,3664,3286
30,184,1,7151,3272
20,202,5,4531,3250
20,007,11,2612,3241
20,378,6,3615,3223
21,127,6,3777,3219
20,194,5,1231,3219
21,206,2,4224,3216
30,031,2,16313,3212
20,297,0,2150,3171
30,008,2,9691,3165
11,006,0,5610,3159
21,056,2,1237,3146
20,219,56,2565,3140
30,020,1,9824,3129
21,120,6,5110,3127
20,254,0,3308,3094
20,562,7,1458,3071
20,407,22,8506,3067
20,272,17,6161,3061
20,384,3,4514,3057
20,225,7,5955,3011
20,548,3,1734,2935
20,195,2,1256,2925
31,086,5,2226,2916
20,259,8,2465,2908
20,206,4,2357,2894
20,071,7,3060,2887
16,081,2,8704,2879
19,015,0,1716,2875
07,088,1,2235,2864
07,038,2,21507,2862
07,024,6,10817,2859
21,077,3,5734,2837
20,255,8,2086,2836
31,092,12,6665,2831
20,095,0,3990,2809
10,003,1,4530,2798
20,235,3,3624,2755
20,029,2,4263,2727
24,002,3,8186,2717
20,058,0,13435,2716
21,088,2,4598,2713
20,192,4,1442,2705
20,252,3,2116,2697
30,017,2,4027,2694
30,170,1,10627,2690
20,209,0,711,2673
21,007,3,3403,2663
20,271,2,3245,2648
20,528,1,1213,2647
20,268,3,916,2640
26,060,0,2703,2630
30,171,3,5292,2625
20,400,8,1632,2601
07,090,2,4121,2581
20,495,1,2884,2572
20,460,2,5413,2571
14,071,1,3176,2565
20,257,1,1091,2553
20,431,2,1774,2548
20,336,1,2267,2536
26,049,2,3356,2530
20,117,0,2422,2512
20,165,2,1511,2479
28,010,0,2011,2477
20,412,2,3286,2477
21,121,1,1132,2440
16,101,2,9166,2438
20,108,2,4289,2432
14,031,0,3771,2417
26,061,0,1284,2406
20,544,4,1106,2403
32,043,1,1360,2397
20,340,2,1878,2383
26,007,0,625,2344
30,187,4,5696,2336
30,029,3,12929,2334
20,527,0,2829,2334
20,226,14,2708,2330
20,363,8,2633,2329
20,417,3,9240,2312
20,386,1,17897,2292
21,146,2,874,2290
20,260,2,2488,2267
30,153,5,5873,2256
20,236,4,1525,2250
26,010,0,1467,2236
20,163,7,1606,2231
21,050,7,24148,2203
20,344,4,2613,2202
20,538,0,705,2187
31,022,11,4162,2171
24,030,0,5466,2163
20,543,0,5561,2147
20,402,6,1083,2123
30,096,1,1546,2122
20,214,3,2313,2122
20,081,2,1914,2117
20,004,2,1012,2115
20,306,4,3903,2102
20,251,9,1180,2102
20,456,4,1686,2097
20,534,1,3964,2084
21,196,4,1649,2077
20,249,9,3475,2077
20,468,3,13568,2075
31,064,3,1619,2050
13,034,2,9843,2049
30,103,22,11808,2044
20,191,1,320,2044
13,020,0,2800,2025
20,160,1,1449,2024
30,041,1,2144,2021
10,025,1,3433,1985
26,005,0,1253,1978
20,496,0,2171,1975
20,455,2,2748,1967
20,062,3,586,1967
31,010,2,2407,1946
20,372,2,1886,1943
20,168,3,977,1915
20,303,5,1172,1898
20,231,0,3026,1895
20,036,2,5285,1888
20,246,0,620,1886
20,435,0,3505,1882
32,015,1,1609,1864
21,126,8,5826,1861
20,098,1,4427,1840
20,008,1,842,1840
20,547,6,951,1837
20,554,3,5598,1831
20,100,1,497,1829
26,031,0,1350,1826
20,464,5,480,1820
20,396,1,3252,1819
21,216,3,2639,1802
20,229,0,7048,1800
30,056,8,6752,1794
20,080,1,1312,1764
20,180,6,2325,1748
20,137,0,3427,1747
20,504,4,1652,1734
26,015,0,1454,1733
21,193,1,6242,1732
20,149,2,1509,1719
20,362,6,1496,1711
21,032,0,1283,1703
20,391,0,3356,1696
21,133,2,651,1690
20,265,9,6608,1688
20,111,5,4394,1688
20,096,2,772,1680
20,040,3,5995,1676
07,022,4,14027,1675
13,033,1,3193,1672
20,069,1,2446,1668
21,021,5,1228,1665
20,258,10,744,1618
20,485,4,3031,1616
20,328,2,1173,1613
20,434,1,4651,1604
21,100,2,9707,1588
20,172,2,430,1584
08,041,1,1921,1584
20,089,4,2152,1574
20,179,1,1462,1571
20,056,3,1451,1566
20,351,0,2623,1563
21,009,5,2008,1559
20,118,20,2470,1534
20,175,0,1724,1523
26,011,1,1646,1522
20,438,0,1754,1512
07,113,0,5072,1511
21,080,2,2833,1505
07,118,1,4545,1505
20,536,1,493,1487
20,313,0,834,1484
20,170,0,3849,1484
20,317,0,1405,1466
20,473,0,1394,1449
20,444,0,461,1449
30,076,1,13575,1445
12,063,2,9967,1422
30,064,12,3889,1420
20,186,1,605,1417
21,011,6,1770,1415
20,374,4,1470,1403
05,001,1,1070,1400
21,165,1,1141,1397
20,342,1,2079,1389
28,020,0,2579,1384
20,283,1,1042,1384
20,357,5,908,1381
20,425,0,2209,1376
20,144,1,1110,1373
20,216,2,1331,1367
31,071,3,1689,1366
26,009,1,784,1358
20,326,0,4957,1352
12,009,0,5706,1346
20,506,1,782,1338
07,119,1,3245,1332
26,065,0,1735,1313
20,167,0,2094,1313
20,424,0,3992,1309
20,092,1,1439,1304
20,429,0,1524,1299
20,159,0,5449,1262
19,023,1,1277,1261
20,173,1,1517,1242
20,238,0,816,1241
20,442,2,354,1238
26,008,0,1252,1235
20,492,1,3210,1217
20,320,0,723,1211
10,010,1,4265,1201
20,015,0,4712,1194
20,019,2,3071,1182
20,261,1,7244,1175
20,290,4,1012,1168
20,234,2,7554,1160
20,001,2,1084,1160
08,022,0,2911,1159
30,137,0,5484,1156
20,532,0,4076,1155
20,454,1,3180,1155
21,018,3,3734,1150
20,365,0,1307,1135
20,109,2,1233,1134
20,566,0,3034,1123
21,095,2,484,1121
20,352,0,3833,1116
20,502,0,5515,1105
20,346,3,1449,1103
20,120,0,368,1099
20,517,1,5194,1089
20,330,0,4277,1088
20,436,0,1113,1072
20,291,2,4167,1063
20,253,2,2226,1060
10,030,1,1709,1051
20,003,3,2495,1045
20,487,1,1945,1043
20,233,13,1745,1032
21,190,3,1155,1027
26,022,0,958,1025
20,448,0,2009,1024
20,221,3,1340,1024
30,098,5,2920,1020
20,331,2,894,1016
20,457,1,3395,1015
20,564,1,1292,1014
20,501,1,940,1000
20,138,2,460,1000
20,466,0,11917,998
20,122,1,677,992
08,018,0,5414,975
20,241,3,1084,971
20,011,1,1220,970
20,490,0,3076,968
26,044,0,399,967
20,510,1,877,958
20,498,1,6665,957
20,152,1,2152,952
30,107,1,2897,945
30,140,2,2715,942
20,389,11,921,941
31,060,3,942,933
20,047,0,93,912
21,028,2,2476,911
20,489,0,4953,902
24,019,0,5774,900
20,445,0,1642,889
20,050,1,3778,888
21,135,2,586,883
20,146,0,2666,880
20,162,6,1848,874
20,426,1,7865,868
20,187,1,2535,856
20,476,2,409,853
20,563,0,1308,849
30,110,1,10387,844
20,465,1,1568,836
20,222,0,1530,830
20,024,0,3846,825
20,542,4,746,817
20,060,2,2770,817
20,382,0,1170,812
20,289,2,1143,811
20,411,3,816,807
20,097,1,1740,804
20,110,0,1603,802
21,198,2,1241,799
07,056,4,11157,796
20,274,0,1296,791
20,224,0,684,783
20,481,0,1966,782
20,555,1,2653,781
26,046,0,443,770
20,027,2,2458,761
20,240,1,2460,759
20,321,0,840,757
20,558,2,1543,756
20,267,1,294,750
20,494,0,4894,746
20,054,3,409,744
20,276,1,801,743
21,024,0,947,739
20,101,0,726,738
20,477,0,1430,731
20,419,1,575,727
20,223,0,452,715
20,189,0,2517,711
20,154,0,2393,703
20,114,1,677,699
20,416,0,516,697
20,569,1,1707,694
20,524,1,369,694
13,071,2,9753,694
26,024,0,813,692
20,443,0,448,684
07,010,1,7623,684
20,323,0,2135,679
20,211,0,3168,679
20,329,0,1320,671
20,461,1,614,667
20,370,1,679,664
20,361,1,922,663
20,319,1,1099,659
20,428,0,1770,624
20,503,3,374,619
20,311,0,458,617
20,203,0,3285,616
21,030,1,758,613
20,292,0,1388,605
20,230,0,1007,605
20,478,1,1913,587
20,199,1,713,578
20,182,0,2292,574
12,072,1,10516,571
20,379,1,2958,569
20,316,2,753,564
20,196,0,404,563
20,541,1,1707,557
08,033,1,1049,556
20,181,0,417,552
20,032,2,1033,552
20,322,0,884,543
20,395,3,1898,541
20,220,0,2773,540
20,282,0,794,527
20,355,1,738,526
20,404,0,766,514
20,099,0,475,512
20,018,2,834,506
20,471,3,496,488
21,123,4,4120,463
20,394,0,2778,459
20,094,3,1898,456
20,458,0,1115,450
20,552,6,510,448
20,376,0,364,437
20,161,0,2559,432
20,119,13,399,426
20,373,3,448,423
26,053,0,396,422
20,512,2,913,421
20,264,1,2274,416
20,210,0,6666,405
20,215,0,764,396
20,218,31,607,393
20,335,0,1002,390
20,432,2,968,388
20,514,0,997,385
20,493,0,553,380
20,423,0,550,376
20,511,2,3610,373
20,341,0,232,369
20,270,2,1399,367
20,433,6,2595,365
20,183,0,1447,361
20,148,1,1945,359
20,245,2,1277,357
20,353,0,1978,351
31,017,1,4464,331
20,430,0,253,328
20,315,5,1711,303
20,093,0,505,297
20,201,3,1832,292
30,018,3,1797,279
20,147,3,378,277
20,127,0,1283,274
20,074,0,505,273
20,142,0,1160,272
20,479,1,219,264
21,086,0,12547,261
20,204,0,715,259
20,422,0,681,248
24,031,0,11835,246
20,451,0,1053,244
20,518,1,153,235
20,388,0,2535,233
20,017,1,3302,230
20,212,1,2807,211
20,287,1,346,210
21,027,0,4177,199
20,106,1,297,188
20,217,0,3446,184
20,048,0,1304,158
20,151,1,394,154
20,354,0,510,148
20,383,0,608,143
20,256,0,234,140
20,463,0,663,138
20,332,2,406,138
20,288,0,611,133
20,488,1,131,128
20,155,1,940,127
20,521,0,276,107
20,139,1,2136,104
20,121,0,655,98
20,228,0,771,96
20,205,0,17398,92
28,036,0,1031,85
20,140,1,827,73
20,480,0,967,57
20,408,0,480,48
20,529,0,1332,38
20,281,1,308,21
23,010,21,,
07,058,0,4317,
